{"step_width": 0.1770189423991356, "step_length": 0.2514366955448608, "velocity": 0.4623680402340766, "step_time": 0.525}